,Expansion Code,Packs Purchased,Packs Opened,Standard Dev,min,5%,median,95%,max
0,TOTAL,4956.9575,687.323,119.01329797022684,4520,4760.0,4959.0,5153.049999999999,5386
